"ID_SUELDO","SUELDO_NETO","ID_PUESTO_TRABAJO","FECHA"
"2699","590000","11","2/25/2025"
"3962","620000","11","2/25/2025"
"2272","650000","11","2/25/2025"
"3817","670000","11","2/25/2025"
"3841","780280","11","2/25/2025"
"1935","800000","11","2/25/2025"
"3582","839742","11","2/25/2025"
"1983","846000","11","2/25/2025"
"3589","860000","11","2/25/2025"
"3040","867400","11","2/25/2025"
"2797","877003","11","2/25/2025"
"2136","879000","11","2/25/2025"
"5085","900000","11","2/25/2025"
"4311","914387","11","2/25/2025"
"2080","926894","11","2/25/2025"
"4428","947000","11","2/25/2025"
"4754","967000","11","2/25/2025"
"3905","970000","11","2/25/2025"
"3499","976560","11","2/25/2025"
"4064","996000","11","2/25/2025"
"2817","996385","11","2/25/2025"
"1981","1000000","11","2/25/2025"
"4636","1000000","11","2/25/2025"
"2219","1000000","11","2/25/2025"
"5121","1016000","11","2/25/2025"
"1996","1022116","11","2/25/2025"
"2796","1027000","11","2/25/2025"
"4250","1049000","11","2/25/2025"
"4728","1050000","11","2/25/2025"
"3244","1060000","11","2/25/2025"
"2801","1070000","11","2/25/2025"
"2329","1070000","11","2/25/2025"
"4808","1079000","11","2/25/2025"
"3123","1080000","11","2/25/2025"
"4784","1100000","11","2/25/2025"
"5297","1100000","11","2/25/2025"
"2255","1100000","11","2/25/2025"
"3000","1120000","11","2/25/2025"
"4333","1145000","11","2/25/2025"
"3070","1150000","11","2/25/2025"
"2632","1150000","11","2/25/2025"
"3231","1150000","11","2/25/2025"
"2450","1162000","11","2/25/2025"
"4987","1162000","11","2/25/2025"
"2901","1180651","11","2/25/2025"
"4507","1187755","11","2/25/2025"
"3348","1193862","11","2/25/2025"
"2102","1200000","11","2/25/2025"
"3669","1200000","11","2/25/2025"
"4745","1200000","11","2/25/2025"
"4181","1200000","11","2/25/2025"
"4494","1200000","11","2/25/2025"
"2039","1200000","11","2/25/2025"
"4383","1202000","11","2/25/2025"
"2781","1207310","11","2/25/2025"
"3109","1218609","11","2/25/2025"
"4714","1223106","11","2/25/2025"
"4907","1224000","11","2/25/2025"
"4480","1231779","11","2/25/2025"
"4595","1250000","11","2/25/2025"
"1998","1250000","11","2/25/2025"
"4079","1250000","11","2/25/2025"
"2401","1255750","11","2/25/2025"
"5114","1260000","11","2/25/2025"
"3338","1276871","11","2/25/2025"
"4176","1280000","11","2/25/2025"
"2832","1281000","11","2/25/2025"
"3412","1281000","11","2/25/2025"
"4188","1300000","11","2/25/2025"
"3104","1300000","11","2/25/2025"
"2249","1300000","11","2/25/2025"
"3091","1300000","11","2/25/2025"
"3515","1300000","11","2/25/2025"
"3689","1300000","11","2/25/2025"
"4902","1309313","11","2/25/2025"
"3480","1311679","11","2/25/2025"
"1932","1315000","11","2/25/2025"
"5165","1317000","11","2/25/2025"
"3406","1317550","11","2/25/2025"
"3017","1321439","11","2/25/2025"
"2464","1338000","11","2/25/2025"
"3760","1345000","11","2/25/2025"
"2625","1348000","11","2/25/2025"
"3578","1350000","11","2/25/2025"
"4041","1355000","11","2/25/2025"
"3519","1377000","11","2/25/2025"
"4723","1378000","11","2/25/2025"
"4741","1380000","11","2/25/2025"
"2675","1382977","11","2/25/2025"
"2271","1400000","11","2/25/2025"
"4015","1400000","11","2/25/2025"
"2639","1400000","11","2/25/2025"
"4563","1400000","11","2/25/2025"
"2020","1402000","11","2/25/2025"
"4980","1411000","11","2/25/2025"
"4812","1411000","11","2/25/2025"
"4080","1420000","11","2/25/2025"
"4370","1450000","11","2/25/2025"
"2490","1450000","11","2/25/2025"
"5075","1450179","11","2/25/2025"
"2060","1454000","11","2/25/2025"
"4005","1456000","11","2/25/2025"
"3467","1460000","11","2/25/2025"
"3195","1494000","11","2/25/2025"
"5012","1500000","11","2/25/2025"
"3539","1500000","11","2/25/2025"
"3360","1500000","11","2/25/2025"
"4018","1500000","11","2/25/2025"
"2879","1500000","11","2/25/2025"
"4249","1520000","11","2/25/2025"
"2178","1536412","11","2/25/2025"
"4372","1550000","11","2/25/2025"
"5150","1553346","11","2/25/2025"
"3182","1554422","11","2/25/2025"
"2608","1558627","11","2/25/2025"
"5063","1567621","11","2/25/2025"
"4388","1570000","11","2/25/2025"
"4056","1593000","11","2/25/2025"
"3606","1600000","11","2/25/2025"
"2539","1600000","11","2/25/2025"
"3587","1620000","11","2/25/2025"
"3184","1625650","11","2/25/2025"
"3674","1650000","11","2/25/2025"
"4872","1650000","11","2/25/2025"
"3849","1660000","11","2/25/2025"
"5144","1660000","11","2/25/2025"
"2038","1675880","11","2/25/2025"
"5024","1678000","11","2/25/2025"
"3010","1680734","11","2/25/2025"
"4248","1686175","11","2/25/2025"
"3365","1690000","11","2/25/2025"
"2688","1690078","11","2/25/2025"
"2001","1697000","11","2/25/2025"
"5216","1700000","11","2/25/2025"
"2138","1700000","11","2/25/2025"
"4883","1700000","11","2/25/2025"
"3057","1700000","11","2/25/2025"
"2333","1720000","11","2/25/2025"
"2836","1728970","11","2/25/2025"
"2622","1734000","11","2/25/2025"
"2475","1748473","11","2/25/2025"
"3660","1750000","11","2/25/2025"
"3322","1755690","11","2/25/2025"
"3570","1781014","11","2/25/2025"
"5200","1783000","11","2/25/2025"
"4240","1784000","11","2/25/2025"
"4995","1800000","11","2/25/2025"
"5086","1800000","11","2/25/2025"
"2786","1800000","11","2/25/2025"
"3999","1800000","11","2/25/2025"
"4497","1800000","11","2/25/2025"
"2511","1800659","11","2/25/2025"
"2374","1818000","11","2/25/2025"
"2941","1832713","11","2/25/2025"
"2619","1839200","11","2/25/2025"
"3766","1850000","11","2/25/2025"
"2131","1855250","11","2/25/2025"
"3039","1868860","11","2/25/2025"
"3379","1878740","11","2/25/2025"
"4560","1900000","11","2/25/2025"
"4060","1900000","11","2/25/2025"
"4749","1900000","11","2/25/2025"
"3870","1900000","11","2/25/2025"
"4406","1900000","11","2/25/2025"
"5319","1900000","11","2/25/2025"
"2518","1900000","11","2/25/2025"
"3651","1900000","11","2/25/2025"
"2210","1900000","11","2/25/2025"
"3115","1900000","11","2/25/2025"
"3152","1900000","11","2/25/2025"
"2594","1926605","11","2/25/2025"
"3534","1940000","11","2/25/2025"
"4235","1940000","11","2/25/2025"
"3571","1950000","11","2/25/2025"
"3213","1956498","11","2/25/2025"
"2672","1959000","11","2/25/2025"
"4959","1960000","11","2/25/2025"
"2449","1975000","11","2/25/2025"
"2268","1980000","11","2/25/2025"
"3810","2000000","11","2/25/2025"
"2928","2000000","11","2/25/2025"
"2379","2000000","11","2/25/2025"
"3928","2000000","11","2/25/2025"
"2542","2000000","11","2/25/2025"
"4838","2000000","11","2/25/2025"
"2383","2000000","11","2/25/2025"
"2905","2007000","11","2/25/2025"
"2025","2008000","11","2/25/2025"
"3736","2010000","11","2/25/2025"
"3981","2048409","11","2/25/2025"
"5161","2090000","11","2/25/2025"
"3852","2098129","11","2/25/2025"
"2104","2100000","11","2/25/2025"
"4272","2100000","11","2/25/2025"
"2206","2100000","11","2/25/2025"
"3460","2100000","11","2/25/2025"
"3625","2116500","11","2/25/2025"
"1989","2190000","11","2/25/2025"
"4781","2200000","11","2/25/2025"
"2193","2200000","11","2/25/2025"
"4705","2200000","11","2/25/2025"
"4201","2200000","11","2/25/2025"
"3884","2200000","11","2/25/2025"
"4924","2219257","11","2/25/2025"
"5037","2220000","11","2/25/2025"
"3209","2233000","11","2/25/2025"
"3609","2240000","11","2/25/2025"
"4234","2246012","11","2/25/2025"
"5317","2250000","11","2/25/2025"
"4881","2270000","11","2/25/2025"
"3824","2280000","11","2/25/2025"
"5049","2300000","11","2/25/2025"
"2315","2300000","11","2/25/2025"
"4036","2345000","11","2/25/2025"
"5269","2346000","11","2/25/2025"
"4866","2350000","11","2/25/2025"
"5156","2350000","11","2/25/2025"
"2056","2350000","11","2/25/2025"
"4052","2350000","11","2/25/2025"
"3595","2360000","11","2/25/2025"
"3122","2372337","11","2/25/2025"
"2770","2397000","11","2/25/2025"
"4324","2400000","11","2/25/2025"
"5275","2400000","11","2/25/2025"
"4947","2400000","11","2/25/2025"
"2478","2417487","11","2/25/2025"
"2120","2427113","11","2/25/2025"
"4101","2427113","11","2/25/2025"
"4160","2439000","11","2/25/2025"
"3181","2445000","11","2/25/2025"
"5295","2450000","11","2/25/2025"
"4027","2450000","11","2/25/2025"
"3016","2450000","11","2/25/2025"
"4804","2450000","11","2/25/2025"
"4813","2454541","11","2/25/2025"
"4489","2463988","11","2/25/2025"
"2307","2472677","11","2/25/2025"
"4445","2472821","11","2/25/2025"
"2408","2482503","11","2/25/2025"
"3801","2500000","11","2/25/2025"
"2520","2513269","11","2/25/2025"
"4515","2555220","11","2/25/2025"
"4852","2558000","11","2/25/2025"
"4526","2560000","11","2/25/2025"
"3223","2615000","11","2/25/2025"
"3885","2696778","11","2/25/2025"
"2004","2700000","11","2/25/2025"
"2317","2700000","11","2/25/2025"
"3720","2700000","11","2/25/2025"
"3690","2740000","11","2/25/2025"
"4022","2750000","11","2/25/2025"
"4818","2750000","11","2/25/2025"
"3971","2795000","11","2/25/2025"
"3548","2800000","11","2/25/2025"
"2772","2800000","11","2/25/2025"
"4681","2800000","11","2/25/2025"
"2599","2800000","11","2/25/2025"
"2365","2800000","11","2/25/2025"
"3240","2850000","11","2/25/2025"
"3826","2944570","11","2/25/2025"
"5120","2949216","11","2/25/2025"
"3331","3000000","11","2/25/2025"
"4046","3000000","11","2/25/2025"
"4258","3156000","11","2/25/2025"
"3246","3250000","11","2/25/2025"
"5098","3340000","11","2/25/2025"
"4848","3400000","11","2/25/2025"
"5022","3406412","11","2/25/2025"
"3955","3444569","11","2/25/2025"
"3600","3500000","11","2/25/2025"
"3907","3500000","11","2/25/2025"
"2616","3640000","11","2/25/2025"
"4158","3700000","11","2/25/2025"
"2955","3900000","11","2/25/2025"
"4419","4100000","11","2/25/2025"
"2742","1450000","12","2/25/2025"
"3786","1460000","12","2/25/2025"
"3814","1500000","12","2/25/2025"
"2243","1500000","12","2/25/2025"
"3506","1536703","12","2/25/2025"
"2990","1550000","12","2/25/2025"
"2451","1554839","12","2/25/2025"
"2775","1560780","12","2/25/2025"
"4888","1600000","12","2/25/2025"
"4531","1600000","12","2/25/2025"
"2263","1600000","12","2/25/2025"
"2386","1600000","12","2/25/2025"
"4320","1600000","12","2/25/2025"
"3975","1600000","12","2/25/2025"
"4626","1616708","12","2/25/2025"
"5059","1618002","12","2/25/2025"
"4402","1619757","12","2/25/2025"
"4589","1620000","12","2/25/2025"
"3563","1621770","12","2/25/2025"
"4095","1660000","12","2/25/2025"
"3864","1688000","12","2/25/2025"
"4233","1693200","12","2/25/2025"
"4004","1696582","12","2/25/2025"
"3704","1700000","12","2/25/2025"
"4338","1700000","12","2/25/2025"
"3154","1700000","12","2/25/2025"
"4223","1700000","12","2/25/2025"
"4277","1700000","12","2/25/2025"
"4955","1734700","12","2/25/2025"
"3118","1735000","12","2/25/2025"
"2239","1762249","12","2/25/2025"
"2238","1770000","12","2/25/2025"
"4220","1772699","12","2/25/2025"
"3507","1781738","12","2/25/2025"
"5151","1781738","12","2/25/2025"
"2691","1789000","12","2/25/2025"
"3032","1800000","12","2/25/2025"
"2902","1800000","12","2/25/2025"
"5095","1800000","12","2/25/2025"
"3015","1816337","12","2/25/2025"
"4351","1832368","12","2/25/2025"
"4097","1840157","12","2/25/2025"
"4654","1840468","12","2/25/2025"
"3891","1850000","12","2/25/2025"
"3777","1864000","12","2/25/2025"
"5255","1868000","12","2/25/2025"
"3828","1870000","12","2/25/2025"
"4746","1890000","12","2/25/2025"
"2534","1892000","12","2/25/2025"
"4398","1898000","12","2/25/2025"
"3878","1900000","12","2/25/2025"
"2487","1900000","12","2/25/2025"
"3505","1900000","12","2/25/2025"
"4420","1930000","12","2/25/2025"
"2214","1965000","12","2/25/2025"
"2843","1976011","12","2/25/2025"
"2227","1977479","12","2/25/2025"
"2484","1980000","12","2/25/2025"
"2812","1980000","12","2/25/2025"
"4405","1990000","12","2/25/2025"
"5160","1995684","12","2/25/2025"
"3281","2000000","12","2/25/2025"
"3494","2000000","12","2/25/2025"
"3825","2000000","12","2/25/2025"
"4864","2000000","12","2/25/2025"
"3607","2008600","12","2/25/2025"
"5021","2020000","12","2/25/2025"
"3684","2036405","12","2/25/2025"
"3297","2048175","12","2/25/2025"
"3854","2050000","12","2/25/2025"
"2089","2053000","12","2/25/2025"
"5185","2060852","12","2/25/2025"
"5082","2065181","12","2/25/2025"
"5225","2090651","12","2/25/2025"
"2296","2094655","12","2/25/2025"
"2234","2095563","12","2/25/2025"
"4207","2100000","12","2/25/2025"
"3164","2100000","12","2/25/2025"
"3848","2100000","12","2/25/2025"
"2759","2100000","12","2/25/2025"
"5279","2100000","12","2/25/2025"
"3733","2123515","12","2/25/2025"
"4353","2128000","12","2/25/2025"
"4650","2159402","12","2/25/2025"
"3399","2180000","12","2/25/2025"
"4596","2200000","12","2/25/2025"
"5186","2200000","12","2/25/2025"
"3702","2200000","12","2/25/2025"
"3457","2200000","12","2/25/2025"
"4006","2200000","12","2/25/2025"
"1966","2200000","12","2/25/2025"
"3751","2244000","12","2/25/2025"
"4361","2259530","12","2/25/2025"
"3106","2275020","12","2/25/2025"
"4651","2300000","12","2/25/2025"
"4686","2300000","12","2/25/2025"
"3318","2300000","12","2/25/2025"
"4815","2300000","12","2/25/2025"
"3644","2320000","12","2/25/2025"
"3261","2320000","12","2/25/2025"
"3887","2350000","12","2/25/2025"
"3666","2375416","12","2/25/2025"
"2700","2390000","12","2/25/2025"
"4643","2398000","12","2/25/2025"
"4793","2400000","12","2/25/2025"
"2223","2400000","12","2/25/2025"
"3003","2400000","12","2/25/2025"
"4550","2400000","12","2/25/2025"
"2854","2400000","12","2/25/2025"
"3402","2400000","12","2/25/2025"
"3205","2400000","12","2/25/2025"
"2071","2400000","12","2/25/2025"
"2602","2420000","12","2/25/2025"
"2041","2430000","12","2/25/2025"
"3013","2436871","12","2/25/2025"
"3947","2437000","12","2/25/2025"
"4397","2450000","12","2/25/2025"
"4634","2477943","12","2/25/2025"
"3552","2479375","12","2/25/2025"
"2328","2495000","12","2/25/2025"
"3812","2500000","12","2/25/2025"
"2815","2500000","12","2/25/2025"
"3018","2500000","12","2/25/2025"
"3276","2500000","12","2/25/2025"
"3371","2500000","12","2/25/2025"
"2543","2500000","12","2/25/2025"
"4969","2500000","12","2/25/2025"
"3421","2500000","12","2/25/2025"
"2962","2503280","12","2/25/2025"
"3783","2600000","12","2/25/2025"
"3677","2600000","12","2/25/2025"
"3610","2600000","12","2/25/2025"
"2752","2605000","12","2/25/2025"
"3753","2607595","12","2/25/2025"
"5283","2620000","12","2/25/2025"
"3561","2630412","12","2/25/2025"
"3311","2643000","12","2/25/2025"
"3723","2645000","12","2/25/2025"
"4271","2645000","12","2/25/2025"
"4167","2650000","12","2/25/2025"
"3823","2690000","12","2/25/2025"
"4756","2700000","12","2/25/2025"
"3718","2700000","12","2/25/2025"
"5173","2700000","12","2/25/2025"
"2725","2709000","12","2/25/2025"
"4109","2732180","12","2/25/2025"
"3463","2759225","12","2/25/2025"
"5127","2767886","12","2/25/2025"
"4600","2793000","12","2/25/2025"
"3775","2794000","12","2/25/2025"
"3553","2794159","12","2/25/2025"
"4532","2800000","12","2/25/2025"
"2517","2800000","12","2/25/2025"
"4326","2800000","12","2/25/2025"
"3278","2800000","12","2/25/2025"
"2859","2800000","12","2/25/2025"
"3137","2800000","12","2/25/2025"
"4901","2857324","12","2/25/2025"
"2437","2881068","12","2/25/2025"
"2469","2900000","12","2/25/2025"
"4458","2900000","12","2/25/2025"
"4555","2900000","12","2/25/2025"
"2498","2913740","12","2/25/2025"
"4153","3000000","12","2/25/2025"
"2547","3000000","12","2/25/2025"
"4425","3000000","12","2/25/2025"
"3468","3000000","12","2/25/2025"
"2288","3000000","12","2/25/2025"
"4303","3000000","12","2/25/2025"
"5307","3000000","12","2/25/2025"
"5134","3000000","12","2/25/2025"
"5209","3020367","12","2/25/2025"
"3304","3036355","12","2/25/2025"
"3893","3050000","12","2/25/2025"
"2369","3100000","12","2/25/2025"
"3420","3108000","12","2/25/2025"
"4789","3126000","12","2/25/2025"
"3366","3138307","12","2/25/2025"
"2005","3165138","12","2/25/2025"
"4525","3173247","12","2/25/2025"
"4142","3180000","12","2/25/2025"
"2818","3183000","12","2/25/2025"
"4523","3184000","12","2/25/2025"
"4991","3200000","12","2/25/2025"
"4072","3201623","12","2/25/2025"
"4418","3247816","12","2/25/2025"
"2298","3282762","12","2/25/2025"
"3133","3300000","12","2/25/2025"
"3926","3300000","12","2/25/2025"
"4047","3400000","12","2/25/2025"
"3011","3400000","12","2/25/2025"
"2853","3470000","12","2/25/2025"
"3350","3480000","12","2/25/2025"
"2218","3500000","12","2/25/2025"
"3026","3500000","12","2/25/2025"
"3605","3500000","12","2/25/2025"
"2867","3500000","12","2/25/2025"
"2627","3500000","12","2/25/2025"
"2696","3535676","12","2/25/2025"
"2303","3553681","12","2/25/2025"
"2493","3572039","12","2/25/2025"
"3151","3594091","12","2/25/2025"
"2970","3643486","12","2/25/2025"
"2721","3700000","12","2/25/2025"
"3208","3700000","12","2/25/2025"
"3059","3800000","12","2/25/2025"
"3927","3900000","12","2/25/2025"
"4857","3900000","12","2/25/2025"
"2709","3900000","12","2/25/2025"
"2840","4000000","12","2/25/2025"
"2382","4000000","12","2/25/2025"
"2199","4100000","12","2/25/2025"
"4291","4100000","12","2/25/2025"
"2116","4100000","12","2/25/2025"
"3807","4100000","12","2/25/2025"
"2823","4230000","12","2/25/2025"
"2395","4328000","12","2/25/2025"
"4456","4400000","12","2/25/2025"
"3334","4500000","12","2/25/2025"
"2370","4642713","12","2/25/2025"
"4999","4885505","12","2/25/2025"
"4571","5000000","12","2/25/2025"
"3077","5000000","12","2/25/2025"
"2642","6000000","12","2/25/2025"
"2083","496000","10","2/25/2025"
"2845","498000","10","2/25/2025"
"3139","517000","10","2/25/2025"
"4386","598000","10","2/25/2025"
"3516","600000","10","2/25/2025"
"2915","620000","10","2/25/2025"
"3440","630302","10","2/25/2025"
"4970","638270","10","2/25/2025"
"2103","640000","10","2/25/2025"
"2671","650000","10","2/25/2025"
"4194","660000","10","2/25/2025"
"4105","663000","10","2/25/2025"
"3742","664000","10","2/25/2025"
"4720","670000","10","2/25/2025"
"2311","690000","10","2/25/2025"
"3138","705000","10","2/25/2025"
"4067","710665","10","2/25/2025"
"4678","728000","10","2/25/2025"
"3145","730000","10","2/25/2025"
"1977","747000","10","2/25/2025"
"5171","784350","10","2/25/2025"
"2661","784350","10","2/25/2025"
"3465","790000","10","2/25/2025"
"2650","806691","10","2/25/2025"
"2979","807000","10","2/25/2025"
"2006","808605","10","2/25/2025"
"2069","810000","10","2/25/2025"
"2773","825000","10","2/25/2025"
"3418","830000","10","2/25/2025"
"3945","830000","10","2/25/2025"
"3543","836000","10","2/25/2025"
"5241","840000","10","2/25/2025"
"3044","840000","10","2/25/2025"
"2822","841263","10","2/25/2025"
"4162","842000","10","2/25/2025"
"5137","846000","10","2/25/2025"
"3096","850000","10","2/25/2025"
"2327","854000","10","2/25/2025"
"3477","870000","10","2/25/2025"
"3242","877338","10","2/25/2025"
"2734","883000","10","2/25/2025"
"2525","920000","10","2/25/2025"
"4536","923000","10","2/25/2025"
"2562","940000","10","2/25/2025"
"4033","941000","10","2/25/2025"
"3396","950000","10","2/25/2025"
"2620","957031","10","2/25/2025"
"4045","960000","10","2/25/2025"
"5315","960000","10","2/25/2025"
"2545","980000","10","2/25/2025"
"3614","986541","10","2/25/2025"
"1980","995856","10","2/25/2025"
"1976","996000","10","2/25/2025"
"3800","996000","10","2/25/2025"
"2485","996996","10","2/25/2025"
"2551","1000000","10","2/25/2025"
"4657","1000000","10","2/25/2025"
"4408","1000000","10","2/25/2025"
"3701","1000000","10","2/25/2025"
"2633","1000000","10","2/25/2025"
"4245","1000000","10","2/25/2025"
"3150","1000000","10","2/25/2025"
"4478","1006000","10","2/25/2025"
"2438","1011000","10","2/25/2025"
"4010","1023747","10","2/25/2025"
"4078","1024250","10","2/25/2025"
"4279","1024266","10","2/25/2025"
"4618","1028318","10","2/25/2025"
"4037","1034000","10","2/25/2025"
"4623","1050000","10","2/25/2025"
"3785","1065300","10","2/25/2025"
"4439","1079000","10","2/25/2025"
"1965","1092620","10","2/25/2025"
"3954","1100000","10","2/25/2025"
"4694","1100000","10","2/25/2025"
"2858","1100000","10","2/25/2025"
"2330","1100000","10","2/25/2025"
"4960","1120000","10","2/25/2025"
"4342","1133186","10","2/25/2025"
"4890","1140000","10","2/25/2025"
"2975","1141607","10","2/25/2025"
"4778","1152388","10","2/25/2025"
"4927","1185000","10","2/25/2025"
"4779","1196000","10","2/25/2025"
"2954","1198000","10","2/25/2025"
"4677","1200000","10","2/25/2025"
"4660","1200000","10","2/25/2025"
"4982","1200000","10","2/25/2025"
"2944","1200000","10","2/25/2025"
"3936","1200059","10","2/25/2025"
"5118","1208480","10","2/25/2025"
"3141","1210140","10","2/25/2025"
"4144","1216000","10","2/25/2025"
"2135","1250000","10","2/25/2025"
"3030","1250000","10","2/25/2025"
"5061","1250000","10","2/25/2025"
"3168","1268127","10","2/25/2025"
"2189","1270000","10","2/25/2025"
"3868","1275000","10","2/25/2025"
"2788","1288000","10","2/25/2025"
"4296","1300000","10","2/25/2025"
"2912","1305500","10","2/25/2025"
"2495","1313000","10","2/25/2025"
"4186","1328000","10","2/25/2025"
"2645","1338748","10","2/25/2025"
"3745","1348455","10","2/25/2025"
"3498","1371289","10","2/25/2025"
"3220","1372784","10","2/25/2025"
"1927","1400000","10","2/25/2025"
"4435","1400000","10","2/25/2025"
"4401","1460000","10","2/25/2025"
"3485","1460000","10","2/25/2025"
"2563","1477864","10","2/25/2025"
"4922","1490000","10","2/25/2025"
"4214","1491033","10","2/25/2025"
"3970","1500000","10","2/25/2025"
"3233","1500000","10","2/25/2025"
"5273","1550000","10","2/25/2025"
"4430","1560000","10","2/25/2025"
"3811","1570020","10","2/25/2025"
"3067","1600000","10","2/25/2025"
"2570","1617000","10","2/25/2025"
"2530","1632254","10","2/25/2025"
"4539","1635000","10","2/25/2025"
"4198","1650000","10","2/25/2025"
"5244","1671336","10","2/25/2025"
"1959","1701000","10","2/25/2025"
"1967","1730000","10","2/25/2025"
"2439","1760000","10","2/25/2025"
"3514","1764488","10","2/25/2025"
"3861","1790000","10","2/25/2025"
"4483","1800000","10","2/25/2025"
"4312","1800000","10","2/25/2025"
"4727","1800000","10","2/25/2025"
"4908","1825000","10","2/25/2025"
"4795","1842657","10","2/25/2025"
"2202","1850000","10","2/25/2025"
"3564","1850000","10","2/25/2025"
"4474","1866000","10","2/25/2025"
"3896","1880000","10","2/25/2025"
"2825","1900000","10","2/25/2025"
"3461","1900000","10","2/25/2025"
"2148","1900000","10","2/25/2025"
"3419","1900000","10","2/25/2025"
"2560","1935000","10","2/25/2025"
"2592","1950000","10","2/25/2025"
"1978","1970000","10","2/25/2025"
"3267","1998000","10","2/25/2025"
"4349","2000000","10","2/25/2025"
"1923","2065630","10","2/25/2025"
"2501","2075000","10","2/25/2025"
"3619","2100000","10","2/25/2025"
"3235","2177395","10","2/25/2025"
"1985","2200000","10","2/25/2025"
"4426","2200000","10","2/25/2025"
"2754","2200000","10","2/25/2025"
"2480","2240000","10","2/25/2025"
"4797","2280000","10","2/25/2025"
"4672","2300000","10","2/25/2025"
"2790","2600000","10","2/25/2025"
"3307","400000","14","2/25/2025"
"3872","580000","13","2/25/2025"
"3239","599000","13","2/25/2025"
"3027","607816","1","2/25/2025"
"4410","650000","14","2/25/2025"
"2531","655000","13","2/25/2025"
"3722","673000","1","2/25/2025"
"2938","700000","1","2/25/2025"
"2217","700000","2","2/25/2025"
"4772","736520","14","2/25/2025"
"3630","780000","13","2/25/2025"
"2421","788630","1","2/25/2025"
"2768","795231","1","2/25/2025"
"2186","803000","4","2/25/2025"
"4400","808000","1","2/25/2025"
"4120","813000","1","2/25/2025"
"2601","820000","1","2/25/2025"
"2455","824733","3","2/25/2025"
"5129","828439","13","2/25/2025"
"3388","831501","13","2/25/2025"
"3045","844726","1","2/25/2025"
"2076","845000","14","2/25/2025"
"2640","846276","13","2/25/2025"
"3978","849000","13","2/25/2025"
"2677","850000","13","2/25/2025"
"3481","850000","13","2/25/2025"
"3952","850000","13","2/25/2025"
"4641","850923","1","2/25/2025"
"4628","865000","4","2/25/2025"
"3370","880000","4","2/25/2025"
"2357","881373","2","2/25/2025"
"2758","888382","2","2/25/2025"
"4606","900059","1","2/25/2025"
"2660","917027","13","2/25/2025"
"3661","923032","4","2/25/2025"
"2277","927000","14","2/25/2025"
"2925","934000","4","2/25/2025"
"3064","950000","1","2/25/2025"
"2783","970000","14","2/25/2025"
"2128","975000","1","2/25/2025"
"3416","980000","8","2/25/2025"
"3093","1000000","4","2/25/2025"
"2830","1000000","1","2/25/2025"
"2320","1001189","14","2/25/2025"
"4356","1008195","2","2/25/2025"
"4314","1026000","3","2/25/2025"
"5192","1049950","2","2/25/2025"
"4567","1050000","1","2/25/2025"
"3716","1070000","14","2/25/2025"
"5178","1092000","1","2/25/2025"
"4366","1139000","1","2/25/2025"
"4363","1150000","2","2/25/2025"
"3204","1150000","2","2/25/2025"
"2913","1150000","14","2/25/2025"
"3031","1162000","1","2/25/2025"
"3831","1168969","1","2/25/2025"
"4226","1180000","14","2/25/2025"
"4295","1200000","3","2/25/2025"
"5005","1200000","1","2/25/2025"
"2022","1200000","13","2/25/2025"
"3102","1213907","2","2/25/2025"
"4313","1224369","2","2/25/2025"
"3805","1224800","14","2/25/2025"
"1958","1225000","13","2/25/2025"
"3270","1231715","4","2/25/2025"
"4753","1232550","14","2/25/2025"
"5254","1237000","14","2/25/2025"
"2544","1240000","2","2/25/2025"
"2541","1249420","3","2/25/2025"
"2009","1258000","7","2/25/2025"
"5184","1260000","8","2/25/2025"
"4359","1266000","2","2/25/2025"
"2283","1270000","14","2/25/2025"
"3960","1277770","2","2/25/2025"
"4566","1283758","7","2/25/2025"
"3474","1292000","2","2/25/2025"
"3688","1295000","14","2/25/2025"
"3332","1297692","14","2/25/2025"
"5094","1300000","2","2/25/2025"
"2424","1300000","2","2/25/2025"
"2216","1300000","13","2/25/2025"
"5219","1300000","14","2/25/2025"
"3022","1300000","14","2/25/2025"
"2803","1300000","14","2/25/2025"
"3790","1300000","14","2/25/2025"
"3707","1300000","14","2/25/2025"
"4321","1300000","2","2/25/2025"
"4718","1300000","1","2/25/2025"
"4331","1301630","6","2/25/2025"
"4534","1323850","14","2/25/2025"
"3009","1325000","2","2/25/2025"
"1972","1326200","14","2/25/2025"
"1950","1328000","14","2/25/2025"
"5147","1328000","15","2/25/2025"
"2032","1330000","13","2/25/2025"
"4805","1339000","1","2/25/2025"
"2093","1339018","4","2/25/2025"
"3236","1340000","13","2/25/2025"
"2503","1387714","2","2/25/2025"
"3258","1396000","15","2/25/2025"
"2310","1400000","1","2/25/2025"
"2889","1400000","14","2/25/2025"
"4538","1400000","14","2/25/2025"
"5143","1400000","14","2/25/2025"
"2987","1406433","14","2/25/2025"
"2844","1422342","3","2/25/2025"
"2094","1430127","1","2/25/2025"
"4054","1435000","7","2/25/2025"
"3156","1443995","7","2/25/2025"
"2348","1450000","2","2/25/2025"
"4332","1452000","15","2/25/2025"
"3052","1460000","1","2/25/2025"
"4461","1479000","13","2/25/2025"
"3631","1500000","14","2/25/2025"
"2359","1500000","1","2/25/2025"
"3914","1500000","2","2/25/2025"
"2371","1500000","14","2/25/2025"
"3780","1500000","2","2/25/2025"
"5030","1500000","1","2/25/2025"
"2886","1500000","2","2/25/2025"
"4399","1500000","2","2/25/2025"
"2996","1500000","7","2/25/2025"
"3774","1525458","2","2/25/2025"
"2428","1534945","5","2/25/2025"
"2470","1547694","14","2/25/2025"
"2720","1550000","2","2/25/2025"
"2366","1580000","14","2/25/2025"
"5304","1584331","2","2/25/2025"
"4742","1584532","1","2/25/2025"
"3768","1600000","13","2/25/2025"
"2597","1600000","3","2/25/2025"
"2737","1600000","2","2/25/2025"
"4860","1600000","2","2/25/2025"
"2931","1600000","7","2/25/2025"
"3028","1600000","14","2/25/2025"
"2233","1623000","13","2/25/2025"
"3449","1633000","6","2/25/2025"
"4358","1644000","15","2/25/2025"
"4413","1647000","4","2/25/2025"
"3601","1648000","2","2/25/2025"
"4228","1650000","2","2/25/2025"
"3358","1650000","2","2/25/2025"
"2212","1665000","8","2/25/2025"
"2352","1682164","3","2/25/2025"
"3085","1688000","14","2/25/2025"
"3618","1700000","7","2/25/2025"
"4816","1700000","5","2/25/2025"
"5040","1700000","3","2/25/2025"
"2373","1719375","13","2/25/2025"
"3487","1725000","1","2/25/2025"
"5204","1725000","3","2/25/2025"
"3510","1726000","8","2/25/2025"
"3497","1741740","15","2/25/2025"
"4820","1750000","3","2/25/2025"
"4953","1750000","2","2/25/2025"
"4436","1780000","4","2/25/2025"
"2579","1798000","2","2/25/2025"
"2226","1800000","14","2/25/2025"
"2874","1800000","3","2/25/2025"
"3333","1800000","1","2/25/2025"
"4591","1800000","3","2/25/2025"
"4598","1800000","8","2/25/2025"
"3473","1800000","2","2/25/2025"
"4731","1800000","8","2/25/2025"
"4846","1800000","7","2/25/2025"
"3081","1800000","4","2/25/2025"
"3611","1800000","6","2/25/2025"
"1931","1822967","1","2/25/2025"
"3434","1839000","5","2/25/2025"
"5223","1850000","3","2/25/2025"
"2513","1867000","14","2/25/2025"
"4192","1875000","1","2/25/2025"
"4839","1881000","2","2/25/2025"
"3921","1890000","3","2/25/2025"
"2262","1895000","3","2/25/2025"
"3906","1900000","14","2/25/2025"
"5182","1900000","8","2/25/2025"
"4885","1900000","15","2/25/2025"
"2576","1900000","8","2/25/2025"
"2375","1900000","2","2/25/2025"
"3781","1900000","15","2/25/2025"
"3319","1900000","6","2/25/2025"
"5261","1943842","1","2/25/2025"
"2507","1945654","15","2/25/2025"
"3977","1950000","8","2/25/2025"
"3622","1950000","2","2/25/2025"
"4244","1953000","8","2/25/2025"
"2668","1960000","2","2/25/2025"
"3983","1970000","8","2/25/2025"
"4002","1973000","7","2/25/2025"
"4952","2000000","2","2/25/2025"
"4633","2000000","6","2/25/2025"
"5266","2000000","5","2/25/2025"
"5287","2000000","2","2/25/2025"
"3226","2000000","7","2/25/2025"
"4392","2000000","2","2/25/2025"
"3881","2041000","7","2/25/2025"
"4978","2041800","9","2/25/2025"
"5081","2044000","2","2/25/2025"
"3731","2049000","3","2/25/2025"
"4513","2050000","2","2/25/2025"
"4851","2060000","7","2/25/2025"
"3274","2065000","8","2/25/2025"
"3836","2075000","3","2/25/2025"
"4759","2083911","4","2/25/2025"
"4417","2086000","3","2/25/2025"
"3290","2095000","1","2/25/2025"
"3185","2100000","3","2/25/2025"
"4287","2100000","15","2/25/2025"
"2755","2100000","8","2/25/2025"
"3706","2100000","6","2/25/2025"
"4172","2100000","2","2/25/2025"
"4565","2100000","2","2/25/2025"
"2933","2126000","5","2/25/2025"
"3337","2150000","3","2/25/2025"
"2336","2158000","14","2/25/2025"
"2026","2168602","6","2/25/2025"
"4709","2176224","3","2/25/2025"
"3073","2200000","1","2/25/2025"
"3265","2200000","3","2/25/2025"
"3160","2200000","2","2/25/2025"
"3544","2200000","3","2/25/2025"
"3946","2200000","5","2/25/2025"
"3025","2215000","7","2/25/2025"
"3492","2224746","4","2/25/2025"
"2890","2233000","15","2/25/2025"
"2017","2262399","8","2/25/2025"
"2644","2270268","15","2/25/2025"
"4305","2300000","3","2/25/2025"
"2454","2300000","15","2/25/2025"
"5181","2300000","15","2/25/2025"
"2866","2300000","15","2/25/2025"
"4518","2300000","2","2/25/2025"
"2966","2331000","15","2/25/2025"
"3136","2331740","5","2/25/2025"
"3169","2355555","3","2/25/2025"
"4380","2390000","5","2/25/2025"
"4501","2400000","3","2/25/2025"
"2515","2400000","6","2/25/2025"
"5140","2400000","3","2/25/2025"
"2600","2400000","9","2/25/2025"
"3531","2400000","3","2/25/2025"
"4693","2426386","2","2/25/2025"
"2670","2430000","8","2/25/2025"
"3023","2500000","5","2/25/2025"
"4476","2500000","14","2/25/2025"
"2584","2500000","2","2/25/2025"
"2880","2500000","4","2/25/2025"
"3266","2550083","8","2/25/2025"
"2558","2567000","2","2/25/2025"
"2429","2581542","3","2/25/2025"
"3750","2598391","15","2/25/2025"
"3199","2600000","8","2/25/2025"
"2903","2600000","7","2/25/2025"
"2042","2600000","4","2/25/2025"
"3638","2600000","5","2/25/2025"
"2651","2613000","6","2/25/2025"
"3761","2648230","8","2/25/2025"
"2312","2700000","15","2/25/2025"
"3649","2704016","7","2/25/2025"
"3520","2737692","8","2/25/2025"
"4758","2739000","2","2/25/2025"
"3326","2740000","5","2/25/2025"
"3890","2747000","15","2/25/2025"
"2054","2760000","8","2/25/2025"
"4048","2780000","3","2/25/2025"
"3793","2800000","3","2/25/2025"
"4273","2800000","8","2/25/2025"
"2326","2800000","5","2/25/2025"
"4556","2844000","2","2/25/2025"
"2527","2870000","2","2/25/2025"
"5046","2900000","8","2/25/2025"
"4847","2900000","1","2/25/2025"
"4899","2900000","8","2/25/2025"
"4239","2900000","3","2/25/2025"
"3008","2900000","14","2/25/2025"
"3349","2960000","9","2/25/2025"
"2031","2980000","8","2/25/2025"
"4775","3000000","6","2/25/2025"
"3167","3100000","3","2/25/2025"
"2950","3100000","5","2/25/2025"
"3508","3119753","3","2/25/2025"
"3853","3151000","5","2/25/2025"
"4183","3200000","3","2/25/2025"
"2566","3200000","15","2/25/2025"
"4803","3200000","3","2/25/2025"
"4293","3250000","5","2/25/2025"
"4945","3300000","3","2/25/2025"
"2573","3300000","15","2/25/2025"
"5256","3400000","6","2/25/2025"
"3489","3500000","3","2/25/2025"
"3289","3500000","6","2/25/2025"
"1971","3500000","9","2/25/2025"
"4034","3600000","8","2/25/2025"
"4050","3600000","8","2/25/2025"
"5109","3600000","5","2/25/2025"
"4530","3682213","1","2/25/2025"
"4077","3700000","3","2/25/2025"
"4174","3700000","2","2/25/2025"
"5197","3800000","6","2/25/2025"
"3340","3840000","2","2/25/2025"
"3951","3850000","6","2/25/2025"
"4503","4000000","3","2/25/2025"
"4121","4000000","3","2/25/2025"
"4833","4000000","9","2/25/2025"
"4939","4000000","3","2/25/2025"
"4979","4071468","3","2/25/2025"
"2347","4124297","8","2/25/2025"
"4032","4200000","6","2/25/2025"
"4185","4216098","3","2/25/2025"
"4533","4332000","9","2/25/2025"
"2716","4500000","3","2/25/2025"
"2264","4600000","9","2/25/2025"
"4790","4686000","3","2/25/2025"
"5041","4700000","3","2/25/2025"
"2289","4900000","2","2/25/2025"
"4260","4900000","3","2/25/2025"
